{
  "Component-preload.js": 1703583353331,
  "custom/fragment/FileUpload.js": 1701919061196,
  "ext/controller/DisplayPage.controller.js": 1701919065044,
  "manifest.json": 1703583352963,
  "Component.js": 1701919058256,
  "i18n/i18n.properties": 1701919067820,
  "custom/fragment/FileUpload-dbg.js": 1701919061196,
  "ext/controller/DisplayPage-dbg.controller.js": 1701919065044,
  "Component-dbg.js": 1701919058256,
  "custom/fragment/FileAttach.fragment.xml": 1701919061196,
  "index.html": 1701919058256
}