{
  "Component-preload.js": 1699245577431,
  "ext/controller/DisplayPage.controller.js": 1698728184500,
  "manifest.json": 1699245577087,
  "custom/fragment/FileUpload.js": 1698747235130,
  "Component.js": 1696406000901,
  "i18n/i18n.properties": 1696406010057,
  "Component-dbg.js": 1696406000901,
  "custom/fragment/FileUpload-dbg.js": 1698747235130,
  "ext/controller/DisplayPage-dbg.controller.js": 1698728184500,
  "custom/fragment/FileAttach.fragment.xml": 1698729456465,
  "index.html": 1696406000901
}